,Date,Technique,Morning-Midday,Midday-Evening,Morning-Evening
0,01/01/23,Cosine Similarity,73.3514130115509,44.61323618888855,34.17331576347351
1,01/01/23,Semantic Similarity,96.06263041496277,97.44555354118347,95.56187391281128
2,01/02/23,Cosine Similarity,57.1571946144104,59.16294455528259,42.40016043186188
3,01/02/23,Semantic Similarity,98.22074174880981,98.22509288787842,98.08512926101685
4,01/03/23,Cosine Similarity,73.40227961540222,48.875537514686584,48.30842316150665
5,01/03/23,Semantic Similarity,99.5504081249237,97.72245287895203,97.54102230072021
6,01/04/22,Cosine Similarity,80.98445534706116,67.51660704612732,70.1259195804596
7,01/04/22,Semantic Similarity,98.93653988838196,99.16806221008301,99.08975958824158
8,01/04/23,Cosine Similarity,1.8093196675181389,62.49886751174927,2.7643445879220963
9,01/04/23,Semantic Similarity,95.88852524757385,97.37488031387329,96.11172080039978
10,01/05/22,Cosine Similarity,79.72829341888428,81.08201622962952,63.64847421646118
11,01/05/22,Semantic Similarity,98.48734736442566,99.74151849746704,98.42470288276672
12,01/05/23,Cosine Similarity,46.119943261146545,74.48310852050781,34.58586931228638
13,01/05/23,Semantic Similarity,98.22520017623901,99.27327632904053,97.88479208946228
14,01/06/22,Cosine Similarity,89.66835141181946,76.18706822395325,73.38801622390747
15,01/06/22,Semantic Similarity,98.71593713760376,99.44458603858948,98.58089685440063
16,01/06/23,Cosine Similarity,70.88965177536011,67.01018214225769,62.00239062309265
17,01/06/23,Semantic Similarity,98.81578087806702,99.03175830841064,98.7363874912262
18,01/07/22,Cosine Similarity,65.74317812919617,77.5210976600647,74.93749260902405
19,01/07/22,Semantic Similarity,98.68770241737366,99.57910180091858,98.70571494102478
20,01/07/23,Cosine Similarity,71.50959968566895,62.459880113601685,48.48054647445679
21,01/07/23,Semantic Similarity,99.08576607704163,97.35812544822693,97.05971479415894
22,01/08/22,Cosine Similarity,14.648689329624176,97.56311178207397,12.709185481071472
23,01/08/22,Semantic Similarity,97.04091548919678,99.9961793422699,97.05132246017456
24,01/08/23,Cosine Similarity,74.11047220230103,70.33784985542297,65.08845686912537
25,01/08/23,Semantic Similarity,98.82723093032837,98.7402617931366,98.52281212806702
26,01/09/22,Cosine Similarity,69.84556913375854,85.49472093582153,65.65215587615967
27,01/09/22,Semantic Similarity,99.17618036270142,99.849534034729,99.15088415145874
28,01/09/23,Cosine Similarity,27.73815393447876,57.43464231491089,38.80755603313446
29,01/09/23,Semantic Similarity,97.58661389350891,98.21559190750122,97.74802923202515
30,01/10/22,Cosine Similarity,78.35116386413574,76.63496136665344,70.80156803131104
31,01/10/22,Semantic Similarity,98.75734448432922,98.89478087425232,98.5388994216919
32,01/10/23,Cosine Similarity,47.05071151256561,85.17045974731445,38.31333518028259
33,01/10/23,Semantic Similarity,97.68745303153992,99.76170063018799,97.71765470504761
34,01/11/22,Cosine Similarity,46.18806838989258,42.681264877319336,66.12574458122253
35,01/11/22,Semantic Similarity,97.49898314476013,98.50484728813171,98.38087558746338
36,01/12/22,Cosine Similarity,99.688321352005,61.227625608444214,61.244845390319824
37,01/12/22,Semantic Similarity,99.99999403953552,98.67187738418579,98.67187738418579
38,02/01/23,Cosine Similarity,87.07501888275146,36.53310537338257,43.589410185813904
39,02/01/23,Semantic Similarity,98.48938584327698,97.39537835121155,97.62325882911682
40,02/03/23,Cosine Similarity,88.27910423278809,71.66143655776978,65.57838916778564
41,02/03/23,Semantic Similarity,99.214106798172,97.87763357162476,98.12681674957275
42,02/04/22,Cosine Similarity,69.03883814811707,80.29734492301941,69.12614703178406
43,02/04/22,Semantic Similarity,98.6819863319397,99.30856227874756,98.33273887634277
44,02/04/23,Cosine Similarity,49.024179577827454,30.12239634990692,45.20866870880127
45,02/04/23,Semantic Similarity,97.47051000595093,97.52269983291626,97.5107491016388
46,02/05/22,Cosine Similarity,90.66311717033386,76.24177932739258,75.33583045005798
47,02/05/22,Semantic Similarity,98.30235242843628,99.36633110046387,98.46020936965942
48,02/05/23,Cosine Similarity,70.46560049057007,95.47266960144043,61.94658279418945
49,02/05/23,Semantic Similarity,98.80197048187256,99.83894228935242,98.74532222747803
50,02/06/22,Cosine Similarity,83.1447422504425,37.447842955589294,29.269224405288696
51,02/06/22,Semantic Similarity,99.2068886756897,99.05981421470642,98.92686605453491
52,02/06/23,Cosine Similarity,73.83272647857666,67.69670248031616,59.83019471168518
53,02/06/23,Semantic Similarity,98.85340929031372,97.90342450141907,97.69155383110046
54,02/07/22,Cosine Similarity,71.79132103919983,92.55561232566833,68.18210482597351
55,02/07/22,Semantic Similarity,98.45994114875793,99.72807168960571,98.5517144203186
56,02/07/23,Cosine Similarity,68.22174191474915,83.40840339660645,67.46143698692322
57,02/07/23,Semantic Similarity,98.34115505218506,98.83371591567993,97.67245650291443
58,02/08/22,Cosine Similarity,31.361141800880432,83.0806314945221,38.870611786842346
59,02/08/22,Semantic Similarity,99.11561608314514,98.42206239700317,98.50793480873108
60,02/08/23,Cosine Similarity,64.23758268356323,68.4953510761261,71.72292470932007
61,02/08/23,Semantic Similarity,98.78680109977722,99.18345212936401,98.93943071365356
62,02/09/22,Cosine Similarity,74.17868375778198,85.5980634689331,74.09284710884094
63,02/09/22,Semantic Similarity,98.7897515296936,99.56743717193604,98.72385859489441
64,02/09/23,Cosine Similarity,48.157310485839844,44.352057576179504,58.988964557647705
65,02/09/23,Semantic Similarity,98.06680679321289,98.10203909873962,98.78259897232056
66,02/10/22,Cosine Similarity,25.047841668128967,63.10868859291077,19.346314668655396
67,02/10/22,Semantic Similarity,97.65511751174927,98.25131893157959,97.62569665908813
68,02/11/22,Cosine Similarity,79.872065782547,51.735711097717285,30.95380663871765
69,02/11/22,Semantic Similarity,98.65487813949585,98.15531969070435,96.85966372489929
70,02/12/22,Cosine Similarity,50.184184312820435,77.00783014297485,42.349785566329956
71,02/12/22,Semantic Similarity,98.74427914619446,97.71280288696289,97.58254885673523
72,03/01/23,Cosine Similarity,92.90324449539185,86.95076704025269,90.9950852394104
73,03/01/23,Semantic Similarity,99.84755516052246,99.57090616226196,99.73112344741821
74,03/02/23,Cosine Similarity,78.3295214176178,85.30670404434204,77.87969708442688
75,03/02/23,Semantic Similarity,97.75247573852539,98.80754947662354,98.28220009803772
76,03/03/23,Cosine Similarity,47.60259985923767,58.69448184967041,44.22139227390289
77,03/03/23,Semantic Similarity,98.34783673286438,97.59746193885803,96.62792086601257
78,03/04/23,Cosine Similarity,55.781757831573486,69.49582695960999,80.2465558052063
79,03/04/23,Semantic Similarity,97.88334965705872,98.42904210090637,98.76898527145386
80,03/05/22,Cosine Similarity,57.87563920021057,71.91348671913147,72.7010726928711
81,03/05/22,Semantic Similarity,98.51758480072021,99.21377301216125,98.61826300621033
82,03/05/23,Cosine Similarity,66.97105765342712,32.58880376815796,33.88415575027466
83,03/05/23,Semantic Similarity,97.68494367599487,97.86434769630432,98.19771647453308
84,03/06/22,Cosine Similarity,91.35401248931885,74.36017990112305,72.36719131469727
85,03/06/22,Semantic Similarity,99.24971461296082,99.26294088363647,98.970627784729
86,03/07/22,Cosine Similarity,75.07790327072144,75.06715655326843,66.82311296463013
87,03/07/22,Semantic Similarity,99.34691190719604,98.55477809906006,98.7430214881897
88,03/07/23,Cosine Similarity,65.90518355369568,48.73383641242981,47.349172830581665
89,03/07/23,Semantic Similarity,98.77503514289856,98.40841889381409,98.53278994560242
90,03/08/22,Cosine Similarity,86.18162870407104,86.77403926849365,69.46950554847717
91,03/08/22,Semantic Similarity,98.80908131599426,99.84866976737976,98.75684976577759
92,03/08/23,Cosine Similarity,37.11671531200409,26.937925815582275,69.28150057792664
93,03/08/23,Semantic Similarity,98.13601970672607,97.72405624389648,98.62998127937317
94,03/09/22,Cosine Similarity,54.72901463508606,94.51206922531128,54.09051775932312
95,03/09/22,Semantic Similarity,97.54878282546997,99.87044334411621,97.52674698829651
96,03/09/23,Cosine Similarity,55.84769248962402,67.71826148033142,45.52683234214783
97,03/09/23,Semantic Similarity,98.76291751861572,98.61174821853638,98.54757785797119
98,03/10/22,Cosine Similarity,99.06775951385498,17.16749221086502,16.3143128156662
99,03/10/22,Semantic Similarity,99.98788833618164,97.14232683181763,97.18382358551025
100,03/10/23,Cosine Similarity,69.49916481971741,39.7001177072525,41.70590937137604
101,03/10/23,Semantic Similarity,98.56500029563904,97.91789650917053,98.19588661193848
102,03/11/22,Cosine Similarity,72.45821952819824,66.40278100967407,47.245195508003235
103,03/11/22,Semantic Similarity,98.92826676368713,99.33558106422424,98.81246089935303
104,03/12/22,Cosine Similarity,44.790759682655334,54.43826913833618,54.79764938354492
105,03/12/22,Semantic Similarity,97.74654507637024,97.78788089752197,98.87126684188843
106,04/01/23,Cosine Similarity,70.12483477592468,78.48389744758606,77.6391863822937
107,04/01/23,Semantic Similarity,99.83132481575012,99.73791837692261,99.80033040046692
108,04/02/23,Cosine Similarity,80.4374098777771,62.3839795589447,54.02805805206299
109,04/02/23,Semantic Similarity,98.99587035179138,98.82664680480957,98.33208918571472
110,04/04/23,Cosine Similarity,48.46494793891907,76.93684101104736,60.78157424926758
111,04/04/23,Semantic Similarity,97.70994782447815,98.6541748046875,97.06610441207886
112,04/05/22,Cosine Similarity,43.32412779331207,62.786865234375,47.06494212150574
113,04/05/22,Semantic Similarity,98.03866744041443,98.65992069244385,98.83429408073425
114,04/05/23,Cosine Similarity,76.71934962272644,68.98605823516846,78.24345827102661
115,04/05/23,Semantic Similarity,99.05810952186584,97.9928195476532,98.79418611526489
116,04/06/22,Cosine Similarity,76.17688775062561,99.86387491226196,76.2380599975586
117,04/06/22,Semantic Similarity,98.0518102645874,99.97203350067139,98.0050265789032
118,04/06/23,Cosine Similarity,68.22217106819153,80.64581751823425,78.79528999328613
119,04/06/23,Semantic Similarity,99.0933895111084,99.86612200737,99.0777850151062
120,04/07/22,Cosine Similarity,84.5664918422699,80.40429949760437,73.28455448150635
121,04/07/22,Semantic Similarity,98.5454797744751,99.59578514099121,98.16710948944092
122,04/07/23,Cosine Similarity,11.961491405963898,58.834439516067505,26.379433274269104
123,04/07/23,Semantic Similarity,97.22567200660706,97.67889976501465,97.47909903526306
124,04/08/22,Cosine Similarity,90.65167307853699,80.75796365737915,72.21028804779053
125,04/08/22,Semantic Similarity,99.45329427719116,99.02250170707703,98.67696762084961
126,04/08/23,Cosine Similarity,60.78959107398987,62.13915944099426,64.59498405456543
127,04/08/23,Semantic Similarity,99.3726372718811,98.59778881072998,98.79547357559204
128,04/09/22,Cosine Similarity,49.21576976776123,92.34921336174011,57.877445220947266
129,04/09/22,Semantic Similarity,98.75324964523315,99.52784776687622,98.96118640899658
130,04/09/23,Cosine Similarity,69.20808553695679,61.11428141593933,57.06004500389099
131,04/09/23,Semantic Similarity,98.89489412307739,99.07552599906921,99.02558922767639
132,04/10/22,Cosine Similarity,98.7997829914093,80.3876519203186,80.86408376693726
133,04/10/22,Semantic Similarity,99.9561607837677,98.63669276237488,98.71155023574829
134,04/10/23,Cosine Similarity,71.9281256198883,82.92298913002014,71.85484766960144
135,04/10/23,Semantic Similarity,99.04875755310059,99.85324144363403,99.23116564750671
136,04/11/22,Cosine Similarity,68.67858171463013,72.73845076560974,84.19104218482971
137,04/11/22,Semantic Similarity,99.79302287101746,99.83900189399719,99.75912570953369
138,04/12/22,Cosine Similarity,50.3134548664093,82.16235041618347,55.41297793388367
139,04/12/22,Semantic Similarity,97.38980531692505,98.15875887870789,97.47481942176819
140,05/01/23,Cosine Similarity,68.56564283370972,62.2589647769928,62.96541690826416
141,05/01/23,Semantic Similarity,99.75883960723877,98.26940298080444,98.45303297042847
142,05/02/23,Cosine Similarity,70.27316689491272,98.43760132789612,70.01246809959412
143,05/02/23,Semantic Similarity,99.2166519165039,99.65149760246277,99.63458180427551
144,05/03/23,Cosine Similarity,48.7272709608078,75.2769410610199,37.355902791023254
145,05/03/23,Semantic Similarity,98.16797375679016,98.23955297470093,97.27739691734314
146,05/04/22,Cosine Similarity,87.40014433860779,79.7585666179657,78.74019742012024
147,05/04/22,Semantic Similarity,98.45171570777893,98.92306923866272,98.73143434524536
148,05/04/23,Cosine Similarity,45.16783654689789,63.8697624206543,39.42022919654846
149,05/04/23,Semantic Similarity,97.82445430755615,98.05256724357605,97.01867699623108
150,05/05/22,Cosine Similarity,87.19770312309265,84.47406888008118,80.84867596626282
151,05/05/22,Semantic Similarity,98.53198528289795,98.79646897315979,98.1206476688385
152,05/05/23,Cosine Similarity,48.066601157188416,65.00368118286133,56.13298416137695
153,05/05/23,Semantic Similarity,98.09910655021667,98.42168092727661,98.3135998249054
154,05/06/22,Cosine Similarity,44.48066055774689,76.38189196586609,44.17998194694519
155,05/06/22,Semantic Similarity,97.80599474906921,99.07557368278503,98.11217188835144
156,05/06/23,Cosine Similarity,39.48483765125275,90.53691029548645,29.694998264312744
157,05/06/23,Semantic Similarity,98.17598462104797,99.73370432853699,98.00058603286743
158,05/07/22,Cosine Similarity,85.88047623634338,68.25416088104248,57.63542652130127
159,05/07/22,Semantic Similarity,98.61286878585815,98.64395260810852,98.60906600952148
160,05/07/23,Cosine Similarity,31.171298027038574,24.07972663640976,49.110147356987
161,05/07/23,Semantic Similarity,97.91211485862732,98.66045713424683,98.40866327285767
162,05/08/23,Cosine Similarity,38.49073350429535,49.15291368961334,41.58124625682831
163,05/08/23,Semantic Similarity,97.55139350891113,98.1373131275177,97.34795689582825
164,05/09/22,Cosine Similarity,73.24017882347107,74.12984371185303,44.90179717540741
165,05/09/22,Semantic Similarity,99.07947182655334,98.85838031768799,97.98896312713623
166,05/09/23,Cosine Similarity,62.55506873130798,22.969011962413788,24.755774438381195
167,05/09/23,Semantic Similarity,97.67762422561646,97.70402312278748,97.7897047996521
168,05/10/22,Cosine Similarity,53.488582372665405,55.91970086097717,53.347814083099365
169,05/10/22,Semantic Similarity,98.53705167770386,99.15227890014648,98.35251569747925
170,05/11/22,Cosine Similarity,57.11968541145325,44.108277559280396,47.57949113845825
171,05/11/22,Semantic Similarity,98.18223118782043,98.69502782821655,98.44909906387329
172,06/02/23,Cosine Similarity,58.4770143032074,35.17347872257233,47.65644073486328
173,06/02/23,Semantic Similarity,98.61751794815063,97.7586030960083,98.05508852005005
174,06/03/23,Cosine Similarity,88.57231140136719,40.27954936027527,25.644898414611816
175,06/03/23,Semantic Similarity,99.61907267570496,96.9611644744873,97.15644121170044
176,06/04/23,Cosine Similarity,44.22786235809326,31.797152757644653,38.908082246780396
177,06/04/23,Semantic Similarity,98.49162101745605,98.65109920501709,97.17819094657898
178,06/05/22,Cosine Similarity,46.59335911273956,45.18883526325226,74.67309832572937
179,06/05/22,Semantic Similarity,97.6266622543335,98.47874045372009,98.74189496040344
180,06/06/22,Cosine Similarity,76.90980434417725,74.14650917053223,69.62635517120361
181,06/06/22,Semantic Similarity,97.968590259552,99.07021522521973,98.11972379684448
182,06/06/23,Cosine Similarity,54.12588715553284,76.54085159301758,57.420188188552856
183,06/06/23,Semantic Similarity,98.8510251045227,98.8814651966095,99.03398752212524
184,06/07/22,Cosine Similarity,77.45348811149597,40.49643278121948,53.05975675582886
185,06/07/22,Semantic Similarity,98.90193343162537,98.35302829742432,98.89421463012695
186,06/07/23,Cosine Similarity,41.449350118637085,92.76188611984253,43.12783479690552
187,06/07/23,Semantic Similarity,97.09013104438782,99.61310029029846,97.59636521339417
188,06/08/22,Cosine Similarity,75.17451643943787,79.29885983467102,53.4690260887146
189,06/08/22,Semantic Similarity,97.7468729019165,99.66048002243042,97.7225661277771
190,06/08/23,Cosine Similarity,65.9017026424408,70.91788053512573,69.80155110359192
191,06/08/23,Semantic Similarity,98.7950086593628,99.29797053337097,99.05073046684265
192,06/09/22,Cosine Similarity,84.69693660736084,51.04180574417114,46.09134793281555
193,06/09/22,Semantic Similarity,98.13791513442993,98.08722138404846,96.9217598438263
194,06/09/23,Cosine Similarity,27.502429485321045,32.433539628982544,30.122298002243042
195,06/09/23,Semantic Similarity,96.51504158973694,97.87972569465637,96.80733680725098
196,06/10/22,Cosine Similarity,76.78166627883911,79.95666265487671,64.92016911506653
197,06/10/22,Semantic Similarity,98.69105815887451,99.46279525756836,98.37607145309448
198,06/11/22,Cosine Similarity,65.73840379714966,36.69281601905823,47.73073196411133
199,06/11/22,Semantic Similarity,99.00316596031189,98.39415550231934,98.17585945129395
200,07/01/23,Cosine Similarity,49.78167116641998,69.49397325515747,16.10419750213623
201,07/01/23,Semantic Similarity,95.21946310997009,98.96959066390991,94.54280138015747
202,07/02/23,Cosine Similarity,88.77595067024231,86.04733943939209,78.56684923171997
203,07/02/23,Semantic Similarity,98.92690777778625,98.98044466972351,98.6537516117096
204,07/03/23,Cosine Similarity,36.18258833885193,69.79724764823914,31.283169984817505
205,07/03/23,Semantic Similarity,96.88550233840942,99.80120658874512,96.55852317810059
206,07/04/22,Cosine Similarity,64.943927526474,74.48166608810425,57.206326723098755
207,07/04/22,Semantic Similarity,98.78730773925781,99.45493340492249,98.83922338485718
208,07/05/22,Cosine Similarity,65.8132553100586,76.74536108970642,71.68753147125244
209,07/05/22,Semantic Similarity,97.56296277046204,99.5539128780365,97.8430449962616
210,07/05/23,Cosine Similarity,23.117007315158844,84.81698632240295,28.59908938407898
211,07/05/23,Semantic Similarity,96.76714539527893,98.18851351737976,96.8788206577301
212,07/06/22,Cosine Similarity,86.56866550445557,57.4593722820282,56.98421001434326
213,07/06/22,Semantic Similarity,99.1892397403717,98.89785051345825,98.95375370979309
214,07/06/23,Cosine Similarity,79.61969375610352,80.508553981781,78.63645553588867
215,07/06/23,Semantic Similarity,98.66355061531067,98.89359474182129,98.99424910545349
216,07/07/23,Cosine Similarity,58.60216021537781,72.09092378616333,54.988664388656616
217,07/07/23,Semantic Similarity,97.8804886341095,98.82094860076904,98.43621253967285
218,07/08/22,Cosine Similarity,81.73801898956299,97.63332605361938,79.03874516487122
219,07/08/22,Semantic Similarity,99.31676983833313,99.7485876083374,99.43428039550781
220,07/08/23,Cosine Similarity,58.12641382217407,91.62368774414062,46.82864844799042
221,07/08/23,Semantic Similarity,98.15898537635803,99.6855080127716,98.61606955528259
222,07/09/22,Cosine Similarity,86.64401769638062,85.03769040107727,76.86370015144348
223,07/09/22,Semantic Similarity,98.54474663734436,98.79590272903442,98.88269901275635
224,07/10/22,Cosine Similarity,67.5658106803894,48.770275712013245,46.069467067718506
225,07/10/22,Semantic Similarity,97.99048900604248,97.69248366355896,96.75995111465454
226,07/10/23,Cosine Similarity,64.6811842918396,43.75196099281311,45.156705379486084
227,07/10/23,Semantic Similarity,98.4950602054596,98.44080805778503,98.981773853302
228,07/11/22,Cosine Similarity,94.57536339759827,88.14201951026917,82.56565928459167
229,07/11/22,Semantic Similarity,99.42610263824463,99.11598563194275,98.90767931938171
230,07/12/22,Cosine Similarity,46.983128786087036,41.07086956501007,47.550103068351746
231,07/12/22,Semantic Similarity,98.44464659690857,98.1050431728363,98.05402159690857
232,08/01/23,Cosine Similarity,47.464948892593384,71.75939083099365,48.92416596412659
233,08/01/23,Semantic Similarity,98.78705739974976,99.94001388549805,98.9323377609253
234,08/03/23,Cosine Similarity,56.67169690132141,63.946449756622314,59.93591547012329
235,08/03/23,Semantic Similarity,98.90820980072021,98.6124575138092,98.14572334289551
236,08/04/23,Cosine Similarity,19.90417391061783,68.25382113456726,19.535470008850098
237,08/04/23,Semantic Similarity,98.18625450134277,98.12372922897339,97.77962565422058
238,08/05/22,Cosine Similarity,76.88909769058228,81.02769255638123,65.17433524131775
239,08/05/22,Semantic Similarity,99.12775158882141,99.06171560287476,99.05124306678772
240,08/05/23,Cosine Similarity,77.96360850334167,81.27366304397583,74.3462860584259
241,08/05/23,Semantic Similarity,99.22195672988892,98.99681806564331,98.60368967056274
242,08/06/22,Cosine Similarity,64.3419623374939,72.45654463768005,73.17883372306824
243,08/06/22,Semantic Similarity,98.46729040145874,97.80484437942505,98.40409755706787
244,08/06/23,Cosine Similarity,78.01074385643005,69.64738965034485,76.33509635925293
245,08/06/23,Semantic Similarity,98.9421546459198,98.25223684310913,98.78437519073486
246,08/07/23,Cosine Similarity,83.67599844932556,77.46131420135498,67.59815216064453
247,08/07/23,Semantic Similarity,99.78384375572205,98.02581071853638,98.17991852760315
248,08/08/23,Cosine Similarity,42.08635687828064,33.58815610408783,66.94585680961609
249,08/08/23,Semantic Similarity,98.19725155830383,97.63873815536499,98.07237386703491
250,08/09/22,Cosine Similarity,50.53649544715881,28.566959500312805,25.56454837322235
251,08/09/22,Semantic Similarity,98.73488545417786,98.15797805786133,98.22804927825928
252,08/09/23,Cosine Similarity,31.865930557250977,36.46801710128784,37.313222885131836
253,08/09/23,Semantic Similarity,98.14861416816711,98.00810813903809,98.28773736953735
254,08/10/22,Cosine Similarity,25.795263051986694,93.09953451156616,25.741571187973022
255,08/10/22,Semantic Similarity,97.141432762146,99.30676817893982,96.9890296459198
256,08/11/22,Cosine Similarity,70.53531408309937,36.55691742897034,68.9694881439209
257,08/11/22,Semantic Similarity,99.81274008750916,98.40592741966248,98.36453795433044
258,08/12/22,Cosine Similarity,99.32751059532166,30.512678623199463,30.199402570724487
259,08/12/22,Semantic Similarity,99.92590546607971,97.92824387550354,98.0193555355072
260,09/01/23,Cosine Similarity,96.45209908485413,82.2042465209961,83.41736793518066
261,09/01/23,Semantic Similarity,99.69924688339233,99.08572435379028,99.16024208068848
262,09/03/23,Cosine Similarity,66.91407561302185,76.89651846885681,71.46055698394775
263,09/03/23,Semantic Similarity,97.77878522872925,99.30844902992249,98.04608225822449
264,09/04/22,Cosine Similarity,71.68681621551514,70.68509459495544,68.6103343963623
265,09/04/22,Semantic Similarity,97.76812195777893,98.39527606964111,98.3380138874054
266,09/04/23,Cosine Similarity,66.59387350082397,80.62443733215332,42.694368958473206
267,09/04/23,Semantic Similarity,97.93374538421631,99.62121844291687,96.66425585746765
268,09/05/22,Cosine Similarity,40.44523537158966,87.00940608978271,41.964635252952576
269,09/05/22,Semantic Similarity,98.44583868980408,98.88692498207092,98.37104678153992
270,09/05/23,Cosine Similarity,66.11365079879761,81.00286722183228,50.599128007888794
271,09/05/23,Semantic Similarity,98.47014546394348,99.40859079360962,98.25454354286194
272,09/06/22,Cosine Similarity,88.21505308151245,66.33081436157227,73.75313639640808
273,09/06/22,Semantic Similarity,99.0887999534607,98.85339736938477,98.77875447273254
274,09/06/23,Cosine Similarity,61.018770933151245,73.048996925354,63.112759590148926
275,09/06/23,Semantic Similarity,98.66734743118286,98.38128089904785,97.43707776069641
276,09/07/23,Cosine Similarity,71.15808725357056,47.0539927482605,52.286505699157715
277,09/07/23,Semantic Similarity,99.70151782035828,97.65443205833435,97.34178185462952
278,09/08/22,Cosine Similarity,58.55315327644348,96.87979221343994,63.59933614730835
279,09/08/22,Semantic Similarity,98.06409478187561,99.95718598365784,98.1016457080841
280,09/08/23,Cosine Similarity,73.63913059234619,81.57097101211548,57.52195119857788
281,09/08/23,Semantic Similarity,98.60774278640747,98.8013505935669,98.81131052970886
282,09/09/22,Cosine Similarity,67.3619270324707,79.11911606788635,71.10987901687622
283,09/09/22,Semantic Similarity,97.83152937889099,98.20383787155151,98.02374243736267
284,09/09/23,Cosine Similarity,61.63297891616821,82.18961954116821,49.280911684036255
285,09/09/23,Semantic Similarity,98.28681349754333,99.08713102340698,97.93877005577087
286,09/10/22,Cosine Similarity,85.12356877326965,85.87989211082458,79.99944686889648
287,09/10/22,Semantic Similarity,99.28513169288635,98.74166250228882,98.8340437412262
288,09/10/23,Cosine Similarity,84.19971466064453,95.48078179359436,82.9081654548645
289,09/10/23,Semantic Similarity,99.34269785881042,99.77613091468811,99.23380613327026
290,09/11/22,Cosine Similarity,95.1500415802002,41.487109661102295,46.5044766664505
291,09/11/22,Semantic Similarity,99.43920969963074,97.8554368019104,97.25048542022705
292,09/12/22,Cosine Similarity,45.03941535949707,82.56629705429077,51.41085386276245
293,09/12/22,Semantic Similarity,98.69828224182129,99.39760565757751,98.5703706741333
294,10/01/23,Cosine Similarity,96.84075713157654,95.47939896583557,97.29519486427307
295,10/01/23,Semantic Similarity,99.05484914779663,99.34921860694885,99.61250424385071
296,10/02/23,Cosine Similarity,67.58702993392944,77.40858197212219,60.25586724281311
297,10/02/23,Semantic Similarity,98.22598695755005,99.12815690040588,98.3404815196991
298,10/04/22,Cosine Similarity,73.34375977516174,47.53082990646362,65.04400372505188
299,10/04/22,Semantic Similarity,99.23104643821716,97.57280945777893,97.53551483154297
300,10/04/23,Cosine Similarity,49.59005415439606,85.76159477233887,51.21341347694397
301,10/04/23,Semantic Similarity,97.47049808502197,97.1095621585846,97.65358567237854
302,10/05/22,Cosine Similarity,42.59927570819855,85.50651669502258,39.19215500354767
303,10/05/22,Semantic Similarity,97.08905220031738,98.85702729225159,98.17561507225037
304,10/05/23,Cosine Similarity,63.50082755088806,36.96924448013306,65.03092646598816
305,10/05/23,Semantic Similarity,99.21976923942566,98.10720086097717,97.45243191719055
306,10/06/22,Cosine Similarity,83.69431495666504,60.11860966682434,62.44559288024902
307,10/06/22,Semantic Similarity,98.76477122306824,98.72285723686218,98.60270619392395
308,10/06/23,Cosine Similarity,74.30675625801086,42.94649064540863,39.091891050338745
309,10/06/23,Semantic Similarity,98.67299199104309,97.65619039535522,98.5454797744751
310,10/07/22,Cosine Similarity,71.85397148132324,65.14701843261719,73.38935732841492
311,10/07/22,Semantic Similarity,99.6289074420929,98.31916689872742,98.31727147102356
312,10/07/23,Cosine Similarity,79.55801486968994,55.58848977088928,57.20145106315613
313,10/07/23,Semantic Similarity,98.71712923049927,98.59301447868347,98.64885210990906
314,10/08/22,Cosine Similarity,89.73169922828674,86.62586212158203,75.83775520324707
315,10/08/22,Semantic Similarity,99.34782385826111,99.86892938613892,99.00977611541748
316,10/09/22,Cosine Similarity,76.39502882957458,76.2285053730011,64.05825018882751
317,10/09/22,Semantic Similarity,97.12117910385132,97.84343838691711,97.53971695899963
318,10/09/23,Cosine Similarity,83.03404450416565,58.93065333366394,51.01562142372131
319,10/09/23,Semantic Similarity,99.25906658172607,98.82428050041199,98.56746196746826
320,10/10/22,Cosine Similarity,78.695547580719,77.87742018699646,68.32671761512756
321,10/10/22,Semantic Similarity,99.00712966918945,98.70970845222473,99.22715425491333
322,10/11/22,Cosine Similarity,88.91672492027283,52.0028293132782,67.55859851837158
323,10/11/22,Semantic Similarity,99.29275512695312,98.29074740409851,98.33535552024841
324,10/12/22,Cosine Similarity,71.06102108955383,51.380228996276855,41.25489890575409
325,10/12/22,Semantic Similarity,98.73853921890259,98.04810881614685,97.62293100357056
326,11/01/23,Cosine Similarity,41.486671566963196,94.56779360771179,37.02444136142731
327,11/01/23,Semantic Similarity,97.92783856391907,99.53747391700745,97.82434701919556
328,11/02/23,Cosine Similarity,61.619627475738525,89.35195207595825,67.92978644371033
329,11/02/23,Semantic Similarity,98.92164468765259,99.51834678649902,98.88184666633606
330,11/03/23,Cosine Similarity,47.392821311950684,57.61652588844299,46.5294748544693
331,11/03/23,Semantic Similarity,98.0748176574707,97.97764420509338,98.4187126159668
332,11/04/22,Cosine Similarity,88.54224681854248,64.79124426841736,62.22364902496338
333,11/04/22,Semantic Similarity,99.04414415359497,99.45528507232666,99.11460280418396
334,11/04/23,Cosine Similarity,33.76336693763733,90.36717414855957,30.313438177108765
335,11/04/23,Semantic Similarity,98.27626347541809,99.50148463249207,98.52337837219238
336,11/05/22,Cosine Similarity,89.74592089653015,68.37318539619446,66.5759027004242
337,11/05/22,Semantic Similarity,98.54469895362854,99.10598397254944,98.38149547576904
338,11/05/23,Cosine Similarity,38.8247013092041,37.79017925262451,42.85305440425873
339,11/05/23,Semantic Similarity,98.75717759132385,98.56058359146118,98.08335304260254
340,11/06/22,Cosine Similarity,54.018986225128174,58.781588077545166,53.89341711997986
341,11/06/22,Semantic Similarity,97.92145490646362,97.4780261516571,97.26066589355469
342,11/06/23,Cosine Similarity,79.05614376068115,45.726850628852844,43.07991862297058
343,11/06/23,Semantic Similarity,99.2346465587616,98.69613647460938,98.46908450126648
344,11/07/22,Cosine Similarity,77.89895534515381,66.13193154335022,52.342039346694946
345,11/07/22,Semantic Similarity,98.65692257881165,98.97816777229309,98.16023707389832
346,11/07/23,Cosine Similarity,86.42715811729431,82.7203631401062,78.36229801177979
347,11/07/23,Semantic Similarity,99.07476902008057,99.03910160064697,98.61674904823303
348,11/08/22,Cosine Similarity,83.0975592136383,90.09673595428467,87.9524290561676
349,11/08/22,Semantic Similarity,98.47476482391357,99.99194145202637,98.43902587890625
350,11/08/23,Cosine Similarity,58.92972946166992,59.0834379196167,75.06961822509766
351,11/08/23,Semantic Similarity,97.78125286102295,97.55671620368958,98.7723171710968
352,11/09/22,Cosine Similarity,79.00854349136353,23.649907112121582,13.690018653869629
353,11/09/22,Semantic Similarity,98.07034134864807,97.88606762886047,97.19808101654053
354,11/09/23,Cosine Similarity,81.57218098640442,87.51506805419922,79.82929944992065
355,11/09/23,Semantic Similarity,99.13209676742554,99.43645000457764,98.88015389442444
356,11/10/22,Cosine Similarity,88.56086730957031,74.95753765106201,75.76606273651123
357,11/10/22,Semantic Similarity,100.00001192092896,98.62259030342102,98.62259030342102
358,11/11/22,Cosine Similarity,69.6202278137207,40.71790874004364,50.58535933494568
359,11/11/22,Semantic Similarity,98.3023464679718,98.69579672813416,98.11421632766724
360,11/12/22,Cosine Similarity,46.09012007713318,56.68796896934509,46.65943384170532
361,11/12/22,Semantic Similarity,97.56029844284058,98.07619452476501,97.31857776641846
362,12/02/23,Cosine Similarity,70.3551709651947,56.84354305267334,81.9216787815094
363,12/02/23,Semantic Similarity,98.22502732276917,98.23582172393799,99.29389357566833
364,12/03/23,Cosine Similarity,69.382244348526,52.039241790771484,40.15148878097534
365,12/03/23,Semantic Similarity,98.94934296607971,97.87959456443787,97.80237674713135
366,12/04/22,Cosine Similarity,85.62602400779724,83.23073983192444,74.73552227020264
367,12/04/22,Semantic Similarity,98.61918687820435,99.35823082923889,98.32056760787964
368,12/04/23,Cosine Similarity,81.5306305885315,77.73796319961548,72.80001044273376
369,12/04/23,Semantic Similarity,99.65061545372009,98.68704676628113,98.74052405357361
370,12/05/22,Cosine Similarity,67.6281988620758,84.42948460578918,70.55583596229553
371,12/05/22,Semantic Similarity,98.14358949661255,99.4986355304718,98.38060736656189
372,12/05/23,Cosine Similarity,57.760316133499146,90.76554775238037,63.87483477592468
373,12/05/23,Semantic Similarity,98.6112654209137,99.82118606567383,98.65895509719849
374,12/06/22,Cosine Similarity,66.60560965538025,48.56917858123779,44.28595304489136
375,12/06/22,Semantic Similarity,98.09027314186096,98.26667904853821,97.47443795204163
376,12/06/23,Cosine Similarity,20.40606588125229,63.21945786476135,38.81741166114807
377,12/06/23,Semantic Similarity,96.6464638710022,97.25404381752014,98.28612804412842
378,12/07/23,Cosine Similarity,87.4150812625885,70.48734426498413,72.94650077819824
379,12/07/23,Semantic Similarity,99.15919899940491,99.07143712043762,98.82857203483582
380,12/08/22,Cosine Similarity,22.23971039056778,25.16120970249176,10.776548087596893
381,12/08/22,Semantic Similarity,98.01692962646484,97.86874651908875,97.17684388160706
382,12/09/22,Cosine Similarity,83.9764416217804,78.800368309021,70.7215964794159
383,12/09/22,Semantic Similarity,99.01238679885864,99.94112253189087,98.82951974868774
384,12/09/23,Cosine Similarity,85.08765697479248,86.80622577667236,86.61327958106995
385,12/09/23,Semantic Similarity,99.93800520896912,98.76323938369751,98.86102676391602
386,12/10/22,Cosine Similarity,96.1409866809845,87.22706437110901,78.3940076828003
387,12/10/22,Semantic Similarity,99.61416125297546,99.31111335754395,99.21755790710449
388,12/10/23,Cosine Similarity,74.19503331184387,78.5567045211792,66.83334112167358
389,12/10/23,Semantic Similarity,99.2546021938324,98.59054684638977,99.04382824897766
390,12/11/22,Cosine Similarity,68.55159401893616,62.547123432159424,65.91027975082397
391,12/11/22,Semantic Similarity,98.75972867012024,98.74706864356995,99.11260604858398
392,12/12/22,Cosine Similarity,93.80761981010437,76.6211450099945,75.68989992141724
393,12/12/22,Semantic Similarity,99.68248009681702,98.99765849113464,99.14974570274353
394,13/01/23,Cosine Similarity,43.666377663612366,71.7425525188446,44.02189254760742
395,13/01/23,Semantic Similarity,97.93468713760376,98.87619018554688,97.82041907310486
396,13/02/23,Cosine Similarity,85.77432632446289,76.87948942184448,83.68697762489319
397,13/02/23,Semantic Similarity,98.58348369598389,98.99985194206238,98.71696829795837
398,13/03/23,Cosine Similarity,77.35008597373962,30.091270804405212,40.5965119600296
399,13/03/23,Semantic Similarity,98.20727705955505,94.14759874343872,97.18234539031982
400,13/04/22,Cosine Similarity,80.63487410545349,77.25300192832947,68.00416707992554
401,13/04/22,Semantic Similarity,98.74044060707092,99.72715377807617,98.76006245613098
402,13/04/23,Cosine Similarity,77.62892842292786,55.8831512928009,72.02597856521606
403,13/04/23,Semantic Similarity,98.52826595306396,97.67661690711975,98.08347225189209
404,13/05/23,Cosine Similarity,60.22207736968994,98.95252585411072,61.86749339103699
405,13/05/23,Semantic Similarity,98.68075251579285,99.95318055152893,98.58660697937012
406,13/06/22,Cosine Similarity,83.60692262649536,57.14409947395325,49.05032515525818
407,13/06/22,Semantic Similarity,98.35814237594604,98.50480556488037,98.50252270698547
408,13/07/22,Cosine Similarity,78.85167598724365,62.187546491622925,59.569042921066284
409,13/07/22,Semantic Similarity,98.74830842018127,98.85008335113525,98.62287640571594
410,13/07/23,Cosine Similarity,56.77453875541687,83.92100930213928,58.177828788757324
411,13/07/23,Semantic Similarity,97.81903624534607,97.82087802886963,98.16795587539673
412,13/08/22,Cosine Similarity,24.621181190013885,23.139405250549316,70.27115821838379
413,13/08/22,Semantic Similarity,97.49828577041626,98.83800745010376,96.99504375457764
414,13/08/23,Cosine Similarity,37.15687394142151,60.965901613235474,52.83527374267578
415,13/08/23,Semantic Similarity,97.1907377243042,97.6010262966156,98.56323599815369
416,13/09/22,Cosine Similarity,85.92830300331116,89.47115540504456,77.68108248710632
417,13/09/22,Semantic Similarity,99.2161214351654,99.99998807907104,99.2161214351654
418,13/09/23,Cosine Similarity,43.29555332660675,77.71550416946411,69.4142997264862
419,13/09/23,Semantic Similarity,98.46296310424805,98.75469207763672,99.02902245521545
420,13/10/22,Cosine Similarity,87.80829906463623,76.59557461738586,71.6043770313263
421,13/10/22,Semantic Similarity,99.79084134101868,98.79681468009949,98.86789321899414
422,13/10/23,Cosine Similarity,79.40576076507568,82.47991800308228,78.11703681945801
423,13/10/23,Semantic Similarity,99.37427043914795,98.64882826805115,98.31687211990356
424,13/11/22,Cosine Similarity,58.13758969306946,60.12452840805054,45.44839560985565
425,13/11/22,Semantic Similarity,98.97111654281616,98.48524928092957,98.5167920589447
426,13/12/22,Cosine Similarity,95.08739113807678,51.253193616867065,53.38369011878967
427,13/12/22,Semantic Similarity,99.57674741744995,98.24102520942688,98.19799065589905
428,14/01/23,Cosine Similarity,37.67867684364319,70.38634419441223,39.69296216964722
429,14/01/23,Semantic Similarity,96.32998704910278,98.1711208820343,95.17160654067993
430,14/02/23,Cosine Similarity,67.15579628944397,82.70513415336609,80.02213835716248
431,14/02/23,Semantic Similarity,98.83192777633667,99.36720728874207,98.65062236785889
432,14/03/23,Cosine Similarity,38.75943422317505,50.26511549949646,40.145012736320496
433,14/03/23,Semantic Similarity,98.37403297424316,98.17268252372742,98.52116107940674
434,14/04/22,Cosine Similarity,72.047358751297,71.31420969963074,72.44175672531128
435,14/04/22,Semantic Similarity,98.41371178627014,99.46795701980591,98.57341051101685
436,14/04/23,Cosine Similarity,64.53152298927307,52.955228090286255,38.40683102607727
437,14/04/23,Semantic Similarity,98.19149374961853,98.87178540229797,98.85560870170593
438,14/05/22,Cosine Similarity,67.37168431282043,74.65679049491882,69.95403170585632
439,14/05/22,Semantic Similarity,98.31504821777344,99.38297867774963,98.4291672706604
440,14/05/23,Cosine Similarity,47.203612327575684,68.41405034065247,63.298499584198
441,14/05/23,Semantic Similarity,97.53212332725525,97.36312627792358,98.91414642333984
442,14/06/23,Cosine Similarity,68.93575191497803,26.64831578731537,38.479676842689514
443,14/06/23,Semantic Similarity,96.00878953933716,96.0745632648468,96.11406326293945
444,14/07/22,Cosine Similarity,79.1555643081665,59.19882655143738,47.4166214466095
445,14/07/22,Semantic Similarity,98.51236939430237,98.84728789329529,98.3597993850708
446,14/07/23,Cosine Similarity,52.35806107521057,87.43138909339905,52.88429260253906
447,14/07/23,Semantic Similarity,98.19458723068237,99.78030920028687,98.66248369216919
448,14/08/22,Cosine Similarity,85.52922010421753,31.957218050956726,26.43650472164154
449,14/08/22,Semantic Similarity,98.57444167137146,98.87710809707642,98.52480292320251
450,14/08/23,Cosine Similarity,59.88081693649292,39.12045657634735,53.21506857872009
451,14/08/23,Semantic Similarity,98.31433892250061,97.83597588539124,98.41340780258179
452,14/09/22,Cosine Similarity,76.08456015586853,87.05711364746094,70.58097720146179
453,14/09/22,Semantic Similarity,98.90732169151306,99.83522891998291,98.70766997337341
454,14/09/23,Cosine Similarity,67.79122352600098,53.48920226097107,52.53724455833435
455,14/09/23,Semantic Similarity,98.84688258171082,97.86447286605835,97.44547009468079
456,14/10/22,Cosine Similarity,87.2018814086914,50.215721130371094,55.52225112915039
457,14/10/22,Semantic Similarity,99.87057447433472,99.10998940467834,99.21426177024841
458,14/10/23,Cosine Similarity,86.17035150527954,83.07967185974121,74.63202476501465
459,14/10/23,Semantic Similarity,99.03120398521423,98.7305223941803,98.42023849487305
460,14/11/22,Cosine Similarity,97.23798632621765,83.42169523239136,86.4760160446167
461,14/11/22,Semantic Similarity,99.89687204360962,99.76500868797302,99.72662329673767
462,14/12/22,Cosine Similarity,86.23477220535278,32.404568791389465,22.34845906496048
463,14/12/22,Semantic Similarity,97.84998297691345,97.28701710700989,96.17852568626404
464,15/01/23,Cosine Similarity,54.02114987373352,92.9742157459259,49.73853528499603
465,15/01/23,Semantic Similarity,99.0515410900116,99.70784187316895,98.50324988365173
466,15/02/23,Cosine Similarity,45.13685703277588,79.72225546836853,40.37516117095947
467,15/02/23,Semantic Similarity,98.5587477684021,99.659264087677,98.25894236564636
468,15/03/23,Cosine Similarity,76.59060955047607,52.278876304626465,52.93024778366089
469,15/03/23,Semantic Similarity,99.11006093025208,98.1567919254303,99.15223121643066
470,15/05/22,Cosine Similarity,49.948522448539734,77.33757495880127,53.94061803817749
471,15/05/22,Semantic Similarity,98.43894243240356,99.09963011741638,97.97977209091187
472,15/05/23,Cosine Similarity,79.72730994224548,73.5174298286438,69.81637477874756
473,15/05/23,Semantic Similarity,98.63434433937073,99.3992805480957,98.8799512386322
474,15/06/22,Cosine Similarity,81.94054961204529,78.28232049942017,73.07141423225403
475,15/06/22,Semantic Similarity,98.12163710594177,98.7491250038147,98.04805517196655
476,15/06/23,Cosine Similarity,26.412072777748108,87.85601258277893,37.290674448013306
477,15/06/23,Semantic Similarity,98.51416945457458,98.62568378448486,98.24525713920593
478,15/07/22,Cosine Similarity,95.44248580932617,40.52027463912964,35.09153127670288
479,15/07/22,Semantic Similarity,98.72179627418518,99.14098381996155,98.54622483253479
480,15/08/22,Cosine Similarity,62.40527033805847,80.24594783782959,38.61836791038513
481,15/08/22,Semantic Similarity,98.13227653503418,99.82901215553284,98.15583825111389
482,15/08/23,Cosine Similarity,55.01706600189209,42.12942719459534,54.43587899208069
483,15/08/23,Semantic Similarity,98.14558029174805,98.82686734199524,98.35852980613708
484,15/09/22,Cosine Similarity,79.06148433685303,60.64428687095642,56.564050912857056
485,15/09/22,Semantic Similarity,99.2472767829895,96.56857252120972,97.11427688598633
486,15/09/23,Cosine Similarity,48.36679995059967,76.44054293632507,56.44013285636902
487,15/09/23,Semantic Similarity,98.21192622184753,99.09069538116455,98.11154007911682
488,15/10/22,Cosine Similarity,40.841227769851685,76.53359770774841,32.198989391326904
489,15/10/22,Semantic Similarity,97.855144739151,98.21766018867493,98.28104376792908
490,15/10/23,Cosine Similarity,83.4119200706482,80.24974465370178,77.29725241661072
491,15/10/23,Semantic Similarity,98.3974277973175,99.20217990875244,98.52450489997864
492,15/11/22,Cosine Similarity,78.86538505554199,48.62659573554993,57.28620886802673
493,15/11/22,Semantic Similarity,99.24510717391968,98.21270704269409,97.80691266059875
494,15/12/22,Cosine Similarity,46.0094153881073,26.092490553855896,24.47519451379776
495,15/12/22,Semantic Similarity,98.4061062335968,97.55175709724426,97.08733558654785
496,16/01/23,Cosine Similarity,98.21575880050659,56.461918354034424,52.785974740982056
497,16/01/23,Semantic Similarity,99.80430603027344,97.82809019088745,97.71183133125305
498,16/02/23,Cosine Similarity,41.8978750705719,58.6503267288208,79.00739312171936
499,16/02/23,Semantic Similarity,98.17966818809509,98.54400753974915,98.99466037750244
500,16/04/22,Cosine Similarity,73.71020317077637,72.43471145629883,72.72153496742249
501,16/04/22,Semantic Similarity,98.09711575508118,98.66673946380615,98.45439791679382
502,16/04/23,Cosine Similarity,63.26708793640137,87.83430457115173,60.37443280220032
503,16/04/23,Semantic Similarity,99.49951767921448,99.27933812141418,98.91592264175415
504,16/05/22,Cosine Similarity,47.49066233634949,56.133633852005005,39.3699049949646
505,16/05/22,Semantic Similarity,97.91240692138672,98.88122081756592,97.07038998603821
506,16/05/23,Cosine Similarity,32.89859890937805,38.816893100738525,35.39459705352783
507,16/05/23,Semantic Similarity,97.71602749824524,97.98052906990051,98.41169714927673
508,16/06/22,Cosine Similarity,58.22380185127258,82.53724575042725,61.105769872665405
509,16/06/22,Semantic Similarity,98.41995239257812,99.14690852165222,98.37583899497986
510,16/06/23,Cosine Similarity,59.94608402252197,75.95472931861877,66.73674583435059
511,16/06/23,Semantic Similarity,98.01367521286011,99.10256266593933,98.64322543144226
512,16/07/22,Cosine Similarity,34.431272745132446,88.23070526123047,40.98970293998718
513,16/07/22,Semantic Similarity,97.62799739837646,99.03748631477356,98.22851419448853
514,16/07/23,Cosine Similarity,42.875322699546814,43.61437261104584,45.53200602531433
515,16/07/23,Semantic Similarity,97.32998609542847,97.0126211643219,97.49656319618225
516,16/08/22,Cosine Similarity,26.776033639907837,27.19872295856476,87.55277395248413
517,16/08/22,Semantic Similarity,97.53882884979248,97.48978614807129,99.44362044334412
518,16/08/23,Cosine Similarity,47.106337547302246,91.0121500492096,48.30983579158783
519,16/08/23,Semantic Similarity,98.28526377677917,99.66023564338684,98.41393232345581
520,16/10/22,Cosine Similarity,66.05560183525085,58.060675859451294,52.451205253601074
521,16/10/22,Semantic Similarity,98.80003929138184,98.3950138092041,98.31436276435852
522,16/10/23,Cosine Similarity,73.39126467704773,93.5969889163971,74.472975730896
523,16/10/23,Semantic Similarity,98.62794876098633,99.84171986579895,98.58952164649963
524,16/11/22,Cosine Similarity,94.80335712432861,82.501620054245,83.1510841846466
525,16/11/22,Semantic Similarity,99.82949495315552,99.02708530426025,98.99967312812805
526,16/12/22,Cosine Similarity,69.68103647232056,63.19820284843445,57.55057334899902
527,16/12/22,Semantic Similarity,99.7061014175415,98.1475830078125,97.88687825202942
528,17/01/23,Cosine Similarity,34.69139039516449,44.41886246204376,51.49453282356262
529,17/01/23,Semantic Similarity,97.42572903633118,98.08967113494873,97.22760319709778
530,17/02/23,Cosine Similarity,75.01872181892395,57.791316509246826,43.47190260887146
531,17/02/23,Semantic Similarity,98.83114099502563,97.80935645103455,98.23058247566223
532,17/04/22,Cosine Similarity,68.78315806388855,37.55393624305725,27.57234275341034
533,17/04/22,Semantic Similarity,98.70292544364929,97.93733954429626,97.72441387176514
534,17/04/23,Cosine Similarity,72.60438799858093,69.57272291183472,60.516661405563354
535,17/04/23,Semantic Similarity,98.18893074989319,97.22687005996704,97.36694693565369
536,17/05/22,Cosine Similarity,69.30334568023682,78.98834943771362,72.25202918052673
537,17/05/22,Semantic Similarity,97.9292631149292,99.26309585571289,98.0474054813385
538,17/05/23,Cosine Similarity,77.19492316246033,25.051048398017883,16.50467813014984
539,17/05/23,Semantic Similarity,97.74797558784485,94.08279657363892,96.24429941177368
540,17/06/22,Cosine Similarity,81.83151483535767,76.11199617385864,80.80360293388367
541,17/06/22,Semantic Similarity,98.35765957832336,99.31935667991638,98.74476194381714
542,17/07/22,Cosine Similarity,33.02741348743439,80.84614872932434,36.33971810340881
543,17/07/22,Semantic Similarity,98.452889919281,99.40003156661987,98.38244318962097
544,17/07/23,Cosine Similarity,44.29630935192108,83.49465727806091,45.60420215129852
545,17/07/23,Semantic Similarity,97.13536500930786,97.8900134563446,97.77871966362
546,17/08/23,Cosine Similarity,81.02592825889587,33.37244987487793,32.804298400878906
547,17/08/23,Semantic Similarity,99.26158785820007,97.74975180625916,97.19436168670654
548,17/09/22,Cosine Similarity,36.89618110656738,71.63649201393127,37.25081384181976
549,17/09/22,Semantic Similarity,98.10691475868225,98.28593730926514,97.83040881156921
550,17/09/23,Cosine Similarity,67.77001023292542,68.34714412689209,84.92756485939026
551,17/09/23,Semantic Similarity,98.84830713272095,98.4136700630188,98.95519614219666
552,17/10/22,Cosine Similarity,89.82535600662231,54.13054823875427,60.036563873291016
553,17/10/22,Semantic Similarity,99.52324032783508,98.60858917236328,98.28547239303589
554,17/10/23,Cosine Similarity,78.60551476478577,52.925801277160645,59.569817781448364
555,17/10/23,Semantic Similarity,98.73648285865784,97.91687726974487,98.36348295211792
556,17/12/22,Cosine Similarity,64.65667486190796,35.50811409950256,29.649624228477478
557,17/12/22,Semantic Similarity,99.0511417388916,97.20286130905151,97.04246520996094
558,18/01/23,Cosine Similarity,75.75966119766235,85.27688384056091,59.80466604232788
559,18/01/23,Semantic Similarity,99.10698533058167,99.71135258674622,98.97351264953613
560,18/02/23,Cosine Similarity,63.956522941589355,51.46135091781616,72.68579006195068
561,18/02/23,Semantic Similarity,98.73840808868408,98.25762510299683,98.5185980796814
562,18/04/22,Cosine Similarity,76.9630491733551,82.38816857337952,76.12402439117432
563,18/04/22,Semantic Similarity,97.91149497032166,98.49706888198853,97.7385401725769
564,18/04/23,Cosine Similarity,76.26831531524658,79.3134331703186,70.51040530204773
565,18/04/23,Semantic Similarity,99.31336045265198,99.25047159194946,99.06546473503113
566,18/05/22,Cosine Similarity,71.25358581542969,75.88451504707336,78.42506170272827
567,18/05/22,Semantic Similarity,98.72049689292908,98.98132681846619,98.77631068229675
568,18/05/23,Cosine Similarity,74.22595024108887,37.15294301509857,50.74551701545715
569,18/05/23,Semantic Similarity,98.97381067276001,98.41212630271912,98.85420799255371
570,18/06/22,Cosine Similarity,65.21294116973877,70.2808678150177,64.92294073104858
571,18/06/22,Semantic Similarity,98.65095615386963,98.71817231178284,98.60268235206604
572,18/06/23,Cosine Similarity,54.00782823562622,87.98101544380188,47.595974802970886
573,18/06/23,Semantic Similarity,98.85159134864807,99.8923122882843,98.83221387863159
574,18/07/22,Cosine Similarity,83.50217342376709,72.27510809898376,81.77669644355774
575,18/07/22,Semantic Similarity,98.61591458320618,98.53010177612305,98.65831136703491
576,18/07/23,Cosine Similarity,28.10060679912567,33.42585861682892,37.82942295074463
577,18/07/23,Semantic Similarity,98.32267761230469,98.69484901428223,98.42759370803833
578,18/08/22,Cosine Similarity,97.53349423408508,74.21727180480957,73.75274300575256
579,18/08/22,Semantic Similarity,99.79386925697327,99.26993250846863,99.3569552898407
580,18/08/23,Cosine Similarity,48.10490310192108,78.3792495727539,50.345379114151
581,18/08/23,Semantic Similarity,98.23446869850159,99.63704943656921,98.1629729270935
582,18/09/22,Cosine Similarity,20.868581533432007,41.98601841926575,66.58655405044556
583,18/09/22,Semantic Similarity,97.56065607070923,97.91016578674316,98.85104894638062
584,18/09/23,Cosine Similarity,63.85766863822937,40.36484360694885,25.965207815170288
585,18/09/23,Semantic Similarity,97.90929555892944,98.10404181480408,96.68272137641907
586,18/10/22,Cosine Similarity,80.14825582504272,79.98009920120239,74.72544312477112
587,18/10/22,Semantic Similarity,99.00298118591309,99.04112815856934,99.52909350395203
588,18/10/23,Cosine Similarity,79.44154739379883,73.82417321205139,73.18120002746582
589,18/10/23,Semantic Similarity,99.21671152114868,98.70273470878601,98.83723855018616
590,18/11/22,Cosine Similarity,71.84058427810669,83.08656215667725,56.8416953086853
591,18/11/22,Semantic Similarity,98.55851531028748,99.83130097389221,98.13035726547241
592,18/12/22,Cosine Similarity,52.19436287879944,77.97487378120422,68.12623739242554
593,18/12/22,Semantic Similarity,98.72657656669617,99.28648471832275,99.19669032096863
594,19/01/23,Cosine Similarity,70.75389623641968,84.24099683761597,85.92360019683838
595,19/01/23,Semantic Similarity,98.71596693992615,99.80854392051697,98.80092740058899
596,19/02/23,Cosine Similarity,67.08329916000366,65.21530151367188,59.964942932128906
597,19/02/23,Semantic Similarity,99.10931587219238,98.47800135612488,98.24758172035217
598,19/04/22,Cosine Similarity,82.46716856956482,67.45109558105469,62.05599308013916
599,19/04/22,Semantic Similarity,99.08731579780579,99.42461848258972,98.50651621818542
600,19/04/23,Cosine Similarity,35.79072952270508,63.944464921951294,63.16259503364563
601,19/04/23,Semantic Similarity,96.20475172996521,98.77639412879944,97.73961305618286
602,19/05/22,Cosine Similarity,90.24438858032227,81.36528730392456,74.54842925071716
603,19/05/22,Semantic Similarity,98.88111352920532,99.44685697555542,98.51526618003845
604,19/05/23,Cosine Similarity,74.83784556388855,81.13853335380554,68.79082918167114
605,19/05/23,Semantic Similarity,98.83943200111389,98.92969727516174,98.30549359321594
606,19/06/22,Cosine Similarity,70.69162130355835,51.45313739776611,52.17185616493225
607,19/06/22,Semantic Similarity,98.71273040771484,97.96547293663025,98.4376311302185
608,19/06/23,Cosine Similarity,62.01834678649902,93.0124819278717,63.08162212371826
609,19/06/23,Semantic Similarity,98.78043532371521,99.1624653339386,98.94960522651672
610,19/07/22,Cosine Similarity,74.47400689125061,78.60165238380432,68.53888630867004
611,19/07/22,Semantic Similarity,98.79066944122314,99.29934740066528,98.46287369728088
612,19/07/23,Cosine Similarity,13.085831701755524,27.295121550559998,31.00951313972473
613,19/07/23,Semantic Similarity,95.32246589660645,97.28387594223022,96.87660336494446
614,19/08/22,Cosine Similarity,91.56413674354553,83.2571268081665,73.01661968231201
615,19/08/22,Semantic Similarity,99.2241621017456,99.77369904518127,98.98145794868469
616,19/08/23,Cosine Similarity,55.78994154930115,52.202796936035156,56.858694553375244
617,19/08/23,Semantic Similarity,97.94654846191406,98.07953238487244,98.47463369369507
618,19/09/22,Cosine Similarity,66.03025794029236,52.039533853530884,64.03644680976868
619,19/09/22,Semantic Similarity,98.01716208457947,97.52622246742249,97.48538732528687
620,19/10/22,Cosine Similarity,71.57227993011475,76.17595195770264,69.73875761032104
621,19/10/22,Semantic Similarity,97.65245318412781,98.46680760383606,98.22898507118225
622,19/10/23,Cosine Similarity,93.23442578315735,79.2039692401886,70.59333920478821
623,19/10/23,Semantic Similarity,99.94004368782043,98.32432270050049,98.46696853637695
624,19/11/22,Cosine Similarity,70.23211717605591,26.02423131465912,57.02102184295654
625,19/11/22,Semantic Similarity,98.61600399017334,97.24037647247314,97.86092042922974
626,19/12/22,Cosine Similarity,96.85313701629639,69.31259632110596,71.66516184806824
627,19/12/22,Semantic Similarity,99.6363878250122,98.07597994804382,98.13114404678345
628,20/01/23,Cosine Similarity,96.1046040058136,72.15994596481323,69.62531805038452
629,20/01/23,Semantic Similarity,99.68740344047546,99.42024350166321,98.99479746818542
630,20/02/23,Cosine Similarity,86.66125535964966,60.45147180557251,52.3370623588562
631,20/02/23,Semantic Similarity,98.7757921218872,98.92870783805847,98.43059778213501
632,20/04/22,Cosine Similarity,89.17749524116516,73.02484512329102,68.45552921295166
633,20/04/22,Semantic Similarity,98.95561933517456,99.342280626297,98.25296401977539
634,20/04/23,Cosine Similarity,64.52986001968384,58.645159006118774,64.77466225624084
635,20/04/23,Semantic Similarity,97.96670079231262,98.7016499042511,98.3953595161438
636,20/05/22,Cosine Similarity,61.71848773956299,60.635244846343994,69.09507513046265
637,20/05/22,Semantic Similarity,99.22587871551514,99.28826689720154,99.0116536617279
638,20/05/23,Cosine Similarity,57.25011229515076,71.91426753997803,64.34469223022461
639,20/05/23,Semantic Similarity,97.78713583946228,98.66821765899658,98.30353856086731
640,20/06/22,Cosine Similarity,90.37211537361145,54.40153479576111,47.155025601387024
641,20/06/22,Semantic Similarity,98.53054881095886,99.44737553596497,98.64987134933472
642,20/07/22,Cosine Similarity,60.88075041770935,45.794686675071716,57.476526498794556
643,20/07/22,Semantic Similarity,98.70482087135315,99.28081631660461,98.9267110824585
644,20/07/23,Cosine Similarity,29.132279753684998,97.16929197311401,25.986674427986145
645,20/07/23,Semantic Similarity,97.43205904960632,99.88510608673096,97.67277836799622
646,20/08/22,Cosine Similarity,14.124497771263123,39.80627655982971,57.0165753364563
647,20/08/22,Semantic Similarity,97.83837795257568,98.77793192863464,98.10735583305359
648,20/08/23,Cosine Similarity,41.70270264148712,32.70391821861267,22.29423224925995
649,20/08/23,Semantic Similarity,97.9125440120697,98.42479228973389,97.41663932800293
650,20/09/22,Cosine Similarity,94.17452812194824,92.22460985183716,93.4422254562378
651,20/09/22,Semantic Similarity,99.98593330383301,99.48033094406128,99.45319890975952
652,20/09/23,Cosine Similarity,57.90067911148071,78.26473712921143,53.87498736381531
653,20/09/23,Semantic Similarity,97.71398305892944,99.09066557884216,97.66368865966797
654,20/10/22,Cosine Similarity,92.02088713645935,38.798755407333374,29.82502281665802
655,20/10/22,Semantic Similarity,98.68950843811035,98.41716885566711,97.28336930274963
656,20/10/23,Cosine Similarity,72.91702032089233,90.04788994789124,70.30092477798462
657,20/10/23,Semantic Similarity,98.55161309242249,99.26018118858337,98.74605536460876
658,20/11/22,Cosine Similarity,51.8917977809906,65.13791084289551,51.3408899307251
659,20/11/22,Semantic Similarity,97.344309091568,97.84134030342102,98.08770418167114
660,20/12/22,Cosine Similarity,51.37304663658142,55.45808672904968,76.29435658454895
661,20/12/22,Semantic Similarity,98.5669195652008,99.00056719779968,98.98716807365417
662,21/01/23,Cosine Similarity,68.01007390022278,55.18479943275452,48.669397830963135
663,21/01/23,Semantic Similarity,98.73335361480713,98.55843186378479,98.04441332817078
664,21/02/23,Cosine Similarity,45.28317451477051,61.628735065460205,50.95301270484924
665,21/02/23,Semantic Similarity,98.52309226989746,98.49203824996948,98.42510223388672
666,21/03/23,Cosine Similarity,31.368380784988403,63.41601014137268,57.993632555007935
667,21/03/23,Semantic Similarity,97.47169017791748,97.73982167243958,98.70752096176147
668,21/04/22,Cosine Similarity,76.09785199165344,81.31064176559448,72.25120067596436
669,21/04/22,Semantic Similarity,98.70246052742004,99.59243535995483,98.78121018409729
670,21/04/23,Cosine Similarity,45.79561948776245,79.86623644828796,50.809067487716675
671,21/04/23,Semantic Similarity,97.36493229866028,99.79588985443115,97.32919931411743
672,21/05/22,Cosine Similarity,63.03626298904419,64.29190039634705,60.99034547805786
673,21/05/22,Semantic Similarity,98.28234910964966,97.46088981628418,97.71846532821655
674,21/05/23,Cosine Similarity,83.74703526496887,51.836198568344116,57.71830081939697
675,21/05/23,Semantic Similarity,99.00522828102112,97.08797335624695,97.15184569358826
676,21/07/22,Cosine Similarity,84.36436057090759,89.40193057060242,83.2395851612091
677,21/07/22,Semantic Similarity,99.028879404068,99.51207041740417,98.87027144432068
678,21/07/23,Cosine Similarity,71.48741483688354,80.7191550731659,46.82211875915527
679,21/07/23,Semantic Similarity,98.58064651489258,99.70265030860901,97.80846238136292
680,21/08/22,Cosine Similarity,54.43456768989563,18.739748001098633,45.55927217006683
681,21/08/22,Semantic Similarity,98.68028163909912,98.5627830028534,98.23405742645264
682,21/08/23,Cosine Similarity,74.19840693473816,41.55627489089966,36.400073766708374
683,21/08/23,Semantic Similarity,99.66158270835876,96.61017060279846,97.03853130340576
684,21/09/22,Cosine Similarity,71.14755511283875,89.5867109298706,68.00038814544678
685,21/09/22,Semantic Similarity,98.45961332321167,99.4924008846283,97.94041514396667
686,21/09/23,Cosine Similarity,74.24691319465637,77.10195779800415,73.93826842308044
687,21/09/23,Semantic Similarity,99.19863939285278,99.25391674041748,99.1209089756012
688,21/10/22,Cosine Similarity,96.1382508277893,37.61015236377716,33.95036160945892
689,21/10/22,Semantic Similarity,99.74443912506104,98.22409749031067,98.04990291595459
690,21/10/23,Cosine Similarity,71.52735590934753,74.20524954795837,64.55113887786865
691,21/10/23,Semantic Similarity,99.3817925453186,99.2680549621582,98.72602820396423
692,21/11/22,Cosine Similarity,59.88871455192566,56.510818004608154,58.79874229431152
693,21/11/22,Semantic Similarity,98.58418703079224,97.46513366699219,97.89198040962219
694,21/12/22,Cosine Similarity,83.85727405548096,62.21193075180054,72.09699749946594
695,21/12/22,Semantic Similarity,99.52741265296936,97.9204773902893,97.94321656227112
696,22/01/23,Cosine Similarity,51.4354944229126,57.05268383026123,32.24683105945587
697,22/01/23,Semantic Similarity,97.47264385223389,98.5556423664093,97.48746752738953
698,22/02/23,Cosine Similarity,70.75269222259521,38.159143924713135,24.252548813819885
699,22/02/23,Semantic Similarity,99.19419884681702,97.84361720085144,97.51424789428711
700,22/03/23,Cosine Similarity,84.19355750083923,92.95657873153687,83.74215960502625
701,22/03/23,Semantic Similarity,99.47077631950378,99.71040487289429,99.37576651573181
702,22/04/22,Cosine Similarity,71.15932703018188,70.24527788162231,66.97776317596436
703,22/04/22,Semantic Similarity,98.84797930717468,98.8670289516449,98.33818674087524
704,22/04/23,Cosine Similarity,67.58356094360352,49.668145179748535,50.2718448638916
705,22/04/23,Semantic Similarity,96.70453667640686,97.72437810897827,98.19866418838501
706,22/05/22,Cosine Similarity,50.20923614501953,82.17235207557678,39.39420282840729
707,22/05/22,Semantic Similarity,97.82622456550598,98.56609106063843,96.86734080314636
708,22/05/23,Cosine Similarity,93.35128664970398,50.83051323890686,52.58404612541199
709,22/05/23,Semantic Similarity,99.74198937416077,97.25629091262817,96.85580134391785
710,22/06/23,Cosine Similarity,61.564844846725464,81.57376646995544,57.40934610366821
711,22/06/23,Semantic Similarity,98.08350801467896,99.90280866622925,98.27860593795776
712,22/07/23,Cosine Similarity,47.63982892036438,88.88610005378723,51.31338834762573
713,22/07/23,Semantic Similarity,98.67521524429321,99.81798529624939,98.65149259567261
714,22/08/22,Cosine Similarity,80.64653277397156,97.24741578102112,81.74080848693848
715,22/08/22,Semantic Similarity,99.29133653640747,100.00001192092896,99.29133653640747
716,22/08/23,Cosine Similarity,17.10580587387085,61.107438802719116,24.159714579582214
717,22/08/23,Semantic Similarity,96.50798439979553,98.18092584609985,97.52805829048157
718,22/09/22,Cosine Similarity,96.22366428375244,72.86465764045715,74.05298352241516
719,22/09/22,Semantic Similarity,99.63213205337524,98.6515998840332,98.50050210952759
720,22/10/22,Cosine Similarity,48.165905475616455,94.82996463775635,43.36345195770264
721,22/10/22,Semantic Similarity,98.55027198791504,99.35973286628723,97.50912189483643
722,22/11/22,Cosine Similarity,87.8347396850586,43.67079436779022,37.56060302257538
723,22/11/22,Semantic Similarity,99.75171089172363,97.03311920166016,97.15840220451355
724,22/12/22,Cosine Similarity,99.29466843605042,44.383928179740906,43.44167113304138
725,22/12/22,Semantic Similarity,99.97845888137817,98.096764087677,98.03102016448975
726,23/01/23,Cosine Similarity,96.51854634284973,93.18320751190186,91.94818139076233
727,23/01/23,Semantic Similarity,99.89008903503418,99.8141348361969,99.79965090751648
728,23/02/23,Cosine Similarity,58.402663469314575,82.121342420578,65.19768834114075
729,23/02/23,Semantic Similarity,99.03584718704224,99.39146637916565,98.79278540611267
730,23/03/23,Cosine Similarity,63.787198066711426,64.89138603210449,78.47108244895935
731,23/03/23,Semantic Similarity,98.08936715126038,97.8915274143219,99.03557896614075
732,23/04/22,Cosine Similarity,57.89295434951782,82.14004635810852,62.27453947067261
733,23/04/22,Semantic Similarity,96.92358374595642,98.62785339355469,97.85230755805969
734,23/04/23,Cosine Similarity,48.60320687294006,65.25754928588867,51.86887979507446
735,23/04/23,Semantic Similarity,98.50090146064758,97.7054238319397,97.88445830345154
736,23/05/22,Cosine Similarity,78.99660468101501,55.09721636772156,64.71437215805054
737,23/05/22,Semantic Similarity,98.91009330749512,98.40851426124573,98.85923862457275
738,23/05/23,Cosine Similarity,56.632691621780396,75.92597603797913,53.653889894485474
739,23/05/23,Semantic Similarity,99.16579127311707,98.82634282112122,98.82404208183289
740,23/06/22,Cosine Similarity,66.49803519248962,83.2797646522522,66.51000380516052
741,23/06/22,Semantic Similarity,98.5224723815918,99.2449700832367,98.72266054153442
742,23/06/23,Cosine Similarity,62.52302527427673,52.423375844955444,52.213054895401
743,23/06/23,Semantic Similarity,98.85013103485107,99.46289658546448,99.06663298606873
744,23/07/23,Cosine Similarity,78.50977778434753,66.72801971435547,59.62095856666565
745,23/07/23,Semantic Similarity,98.38034510612488,97.49748706817627,98.06679487228394
746,23/08/22,Cosine Similarity,89.22024965286255,92.7212119102478,88.7786328792572
747,23/08/22,Semantic Similarity,99.2679238319397,99.99030232429504,99.25009608268738
748,23/08/23,Cosine Similarity,29.321816563606262,33.019134402275085,51.43260955810547
749,23/08/23,Semantic Similarity,97.62767553329468,97.89194464683533,98.60987663269043
750,23/09/22,Cosine Similarity,94.44054961204529,60.85126996040344,63.20520639419556
751,23/09/22,Semantic Similarity,99.99388456344604,98.83047342300415,98.83273243904114
752,23/09/23,Cosine Similarity,58.920490741729736,70.93424797058105,55.86116313934326
753,23/09/23,Semantic Similarity,98.21203351020813,99.16876554489136,98.59976172447205
754,23/10/22,Cosine Similarity,49.16214644908905,60.24206876754761,48.88646602630615
755,23/10/22,Semantic Similarity,97.7175235748291,98.72284531593323,95.93493342399597
756,23/10/23,Cosine Similarity,82.86035060882568,85.46450138092041,82.46034979820251
757,23/10/23,Semantic Similarity,99.05018210411072,99.66785311698914,99.01633262634277
758,23/11/22,Cosine Similarity,48.64657819271088,58.698058128356934,59.79989171028137
759,23/11/22,Semantic Similarity,98.26753735542297,98.83266091346741,97.94613122940063
760,23/12/22,Cosine Similarity,82.8241765499115,55.3816020488739,55.23253083229065
761,23/12/22,Semantic Similarity,99.2929458618164,98.06422591209412,97.23584651947021
762,24/01/23,Cosine Similarity,79.7063946723938,45.22014856338501,52.07838416099548
763,24/01/23,Semantic Similarity,99.4999885559082,97.08580374717712,97.78236150741577
764,24/02/23,Cosine Similarity,63.03109526634216,61.30898594856262,64.21712636947632
765,24/02/23,Semantic Similarity,97.8583574295044,98.13660979270935,98.13554883003235
766,24/03/23,Cosine Similarity,88.12810778617859,71.58483862876892,71.97675704956055
767,24/03/23,Semantic Similarity,99.4588851928711,99.25347566604614,99.089515209198
768,24/04/22,Cosine Similarity,36.49127185344696,69.01099681854248,23.5898956656456
769,24/04/22,Semantic Similarity,96.77684307098389,98.20299744606018,96.89143300056458
770,24/04/23,Cosine Similarity,64.92844223976135,37.66375184059143,28.308361768722534
771,24/04/23,Semantic Similarity,99.1375207901001,98.41454029083252,98.72968196868896
772,24/05/22,Cosine Similarity,85.14429330825806,80.3823173046112,69.84102725982666
773,24/05/22,Semantic Similarity,98.84046912193298,98.51549863815308,98.73560070991516
774,24/05/23,Cosine Similarity,70.96982598304749,91.12801551818848,66.46020412445068
775,24/05/23,Semantic Similarity,98.22924733161926,99.52137470245361,98.4573245048523
776,24/06/22,Cosine Similarity,80.18038868904114,65.12188911437988,66.42079949378967
777,24/06/22,Semantic Similarity,98.90190958976746,99.18354749679565,98.35345149040222
778,24/07/22,Cosine Similarity,39.792513847351074,85.06298065185547,42.41527318954468
779,24/07/22,Semantic Similarity,98.30874800682068,99.76434111595154,98.1779932975769
780,24/08/22,Cosine Similarity,86.7968738079071,79.8068642616272,70.06072998046875
781,24/08/22,Semantic Similarity,99.15415048599243,99.62712526321411,98.40805530548096
782,24/08/23,Cosine Similarity,64.16460871696472,58.80675911903381,60.05817651748657
783,24/08/23,Semantic Similarity,97.09962010383606,97.4699318408966,98.88685941696167
784,24/09/22,Cosine Similarity,71.29799723625183,76.18603706359863,62.51592040061951
785,24/09/22,Semantic Similarity,98.60565662384033,98.5089898109436,97.67309427261353
786,24/09/23,Cosine Similarity,50.782936811447144,59.771621227264404,59.08824801445007
787,24/09/23,Semantic Similarity,97.99140691757202,98.18949103355408,98.02058339118958
788,24/10/22,Cosine Similarity,92.79252886772156,46.515750885009766,50.81413984298706
789,24/10/22,Semantic Similarity,99.6220052242279,98.01872372627258,97.78388738632202
790,24/10/23,Cosine Similarity,76.15683078765869,73.89011979103088,65.63283205032349
791,24/10/23,Semantic Similarity,99.11302924156189,98.94290566444397,98.53102564811707
792,24/11/22,Cosine Similarity,92.57493019104004,31.308463215827942,28.915053606033325
793,24/11/22,Semantic Similarity,99.72763657569885,98.50727915763855,98.44812750816345
794,24/12/22,Cosine Similarity,70.98742723464966,78.79765629768372,79.22106385231018
795,24/12/22,Semantic Similarity,98.55940341949463,98.90486598014832,98.99060130119324
796,25/01/23,Cosine Similarity,95.91466188430786,68.71837377548218,63.569021224975586
797,25/01/23,Semantic Similarity,99.80127215385437,98.6764669418335,98.53007793426514
798,25/02/23,Cosine Similarity,77.43356823921204,86.37292385101318,69.4474458694458
799,25/02/23,Semantic Similarity,97.13151454925537,99.35980439186096,98.06123375892639
800,25/03/23,Cosine Similarity,64.01171088218689,98.90778660774231,63.249367475509644
801,25/03/23,Semantic Similarity,99.10874366760254,99.96019005775452,99.10936951637268
802,25/04/22,Cosine Similarity,91.13345146179199,43.77986192703247,40.051066875457764
803,25/04/22,Semantic Similarity,99.01849031448364,98.76452684402466,98.79671335220337
804,25/04/23,Cosine Similarity,36.66512966156006,58.317238092422485,33.271464705467224
805,25/04/23,Semantic Similarity,97.77689576148987,98.0863094329834,97.54078984260559
806,25/05/22,Cosine Similarity,77.78140306472778,41.24018847942352,47.29234576225281
807,25/05/22,Semantic Similarity,98.05272221565247,98.41423034667969,98.55669140815735
808,25/05/23,Cosine Similarity,67.92514324188232,61.923885345458984,67.94320344924927
809,25/05/23,Semantic Similarity,98.7309455871582,98.52166175842285,98.05715084075928
810,25/06/22,Cosine Similarity,61.8127167224884,66.11108779907227,36.83919906616211
811,25/06/22,Semantic Similarity,96.16698622703552,98.85317087173462,97.64501452445984
812,25/06/23,Cosine Similarity,88.41248154640198,71.96130156517029,68.71524453163147
813,25/06/23,Semantic Similarity,99.22686815261841,99.63130354881287,98.90360236167908
814,25/07/22,Cosine Similarity,59.03521776199341,72.87672758102417,54.82409596443176
815,25/07/22,Semantic Similarity,98.07599782943726,99.16709065437317,98.53318929672241
816,25/07/23,Cosine Similarity,55.56204915046692,62.12669610977173,43.42484176158905
817,25/07/23,Semantic Similarity,98.64395260810852,98.25434684753418,98.31867218017578
818,25/08/22,Cosine Similarity,81.67597651481628,79.81144785881042,74.54914450645447
819,25/08/22,Semantic Similarity,99.43578839302063,99.85404014587402,99.20315146446228
820,25/08/23,Cosine Similarity,71.50457501411438,85.325026512146,70.56477665901184
821,25/08/23,Semantic Similarity,97.55617380142212,98.0270266532898,99.4040310382843
822,25/09/22,Cosine Similarity,51.9939124584198,73.92697334289551,20.315904915332794
823,25/09/22,Semantic Similarity,97.76253700256348,98.75520467758179,97.50828146934509
824,25/09/23,Cosine Similarity,47.49710261821747,24.389812350273132,62.203168869018555
825,25/09/23,Semantic Similarity,98.78966212272644,97.87353277206421,98.75077605247498
826,25/10/22,Cosine Similarity,98.58134984970093,77.52259373664856,77.83377766609192
827,25/10/22,Semantic Similarity,99.93682503700256,98.99536967277527,98.87593984603882
828,25/10/23,Cosine Similarity,61.75523400306702,49.248483777046204,85.86999177932739
829,25/10/23,Semantic Similarity,98.762446641922,97.19386696815491,98.53396415710449
830,25/11/22,Cosine Similarity,84.81996059417725,86.40709519386292,93.23753714561462
831,25/11/22,Semantic Similarity,99.87213611602783,99.70614910125732,99.74016547203064
832,25/12/22,Cosine Similarity,74.69746470451355,72.8666603565216,40.572142601013184
833,25/12/22,Semantic Similarity,98.40165376663208,99.75227117538452,98.30040335655212
834,26/01/23,Cosine Similarity,98.05179238319397,91.1776602268219,92.17634797096252
835,26/01/23,Semantic Similarity,99.8121440410614,99.83330368995667,99.79104399681091
836,26/02/23,Cosine Similarity,60.66290736198425,28.221869468688965,34.25337076187134
837,26/02/23,Semantic Similarity,98.15858602523804,95.82104086875916,96.52315378189087
838,26/03/23,Cosine Similarity,62.67039775848389,88.49682807922363,51.822447776794434
839,26/03/23,Semantic Similarity,98.46072196960449,99.74163174629211,98.12931418418884
840,26/04/22,Cosine Similarity,65.34908413887024,66.33267998695374,54.13016080856323
841,26/04/22,Semantic Similarity,99.03416633605957,99.11755323410034,98.56396913528442
842,26/04/23,Cosine Similarity,26.993557810783386,33.790311217308044,44.82428431510925
843,26/04/23,Semantic Similarity,96.57476544380188,97.02700972557068,97.24112153053284
844,26/05/22,Cosine Similarity,87.87757754325867,56.43736124038696,56.40971064567566
845,26/05/22,Semantic Similarity,99.09880757331848,98.89755249023438,98.80988597869873
846,26/05/23,Cosine Similarity,66.41901731491089,64.26467895507812,63.137102127075195
847,26/05/23,Semantic Similarity,98.58604669570923,98.28619360923767,97.28490114212036
848,26/06/22,Cosine Similarity,57.13256001472473,56.891125440597534,57.76748061180115
849,26/06/22,Semantic Similarity,97.8128433227539,98.15815687179565,98.84292483329773
850,26/06/23,Cosine Similarity,71.84836864471436,52.09730863571167,61.88324689865112
851,26/06/23,Semantic Similarity,99.08190369606018,97.6631760597229,97.25783467292786
852,26/07/22,Cosine Similarity,66.66486263275146,52.5225043296814,59.55420136451721
853,26/07/22,Semantic Similarity,98.93872141838074,98.76016974449158,98.08465242385864
854,26/07/23,Cosine Similarity,82.80242085456848,78.3230721950531,68.38404536247253
855,26/07/23,Semantic Similarity,99.8658835887909,99.20524954795837,99.05405044555664
856,26/08/22,Cosine Similarity,85.79721450805664,80.52622079849243,80.3844153881073
857,26/08/22,Semantic Similarity,99.32476282119751,98.8152265548706,98.31330180168152
858,26/08/23,Cosine Similarity,60.696107149124146,59.68252420425415,74.11195635795593
859,26/08/23,Semantic Similarity,97.63120412826538,98.14960956573486,98.08827042579651
860,26/09/22,Cosine Similarity,78.24345231056213,32.22157657146454,55.529314279556274
861,26/09/22,Semantic Similarity,98.72161746025085,96.39743566513062,96.73098921775818
862,26/10/22,Cosine Similarity,92.05358624458313,37.46596276760101,36.11025810241699
863,26/10/22,Semantic Similarity,99.75840449333191,98.4322190284729,98.66125583648682
864,26/11/22,Cosine Similarity,58.27173590660095,70.88900804519653,57.099735736846924
865,26/11/22,Semantic Similarity,98.09529185295105,98.91325831413269,98.74274730682373
866,26/12/22,Cosine Similarity,81.39131665229797,68.474942445755,76.14365220069885
867,26/12/22,Semantic Similarity,99.00760054588318,96.55764102935791,97.3517119884491
868,27/01/23,Cosine Similarity,68.93200278282166,57.855093479156494,65.79419374465942
869,27/01/23,Semantic Similarity,97.77180552482605,99.27970767021179,97.68315553665161
870,27/02/23,Cosine Similarity,43.27416718006134,35.68945527076721,32.230979204177856
871,27/02/23,Semantic Similarity,97.7790117263794,97.85743951797485,97.14471101760864
872,27/03/23,Cosine Similarity,94.80853080749512,69.54879760742188,70.27501463890076
873,27/03/23,Semantic Similarity,99.77278113365173,98.35081696510315,98.28540086746216
874,27/04/22,Cosine Similarity,96.33950591087341,75.36102533340454,76.5006422996521
875,27/04/22,Semantic Similarity,99.04693365097046,98.90885353088379,98.7298309803009
876,27/05/22,Cosine Similarity,83.83237719535828,76.0410487651825,69.44740414619446
877,27/05/22,Semantic Similarity,98.72801303863525,99.34476017951965,98.87992143630981
878,27/05/23,Cosine Similarity,61.45605444908142,62.58115768432617,55.608147382736206
879,27/05/23,Semantic Similarity,97.89329767227173,98.42800498008728,98.16814064979553
880,27/06/22,Cosine Similarity,57.89214372634888,58.245813846588135,65.62368273735046
881,27/06/22,Semantic Similarity,98.68395328521729,99.35495853424072,98.3823299407959
882,27/06/23,Cosine Similarity,75.19047260284424,82.19767808914185,77.45762467384338
883,27/06/23,Semantic Similarity,98.554927110672,98.83277416229248,99.18717741966248
884,27/07/22,Cosine Similarity,72.27784395217896,38.425612449645996,49.05593395233154
885,27/07/22,Semantic Similarity,98.46763014793396,96.88113331794739,97.12310433387756
886,27/07/23,Cosine Similarity,51.406753063201904,34.09678339958191,29.946628212928772
887,27/07/23,Semantic Similarity,98.5999345779419,98.51314425468445,98.14517498016357
888,27/08/22,Cosine Similarity,50.25560259819031,96.12611532211304,53.03115248680115
889,27/08/22,Semantic Similarity,97.86153435707092,99.42175149917603,97.6923406124115
890,27/08/23,Cosine Similarity,43.73687207698822,83.42078924179077,39.358893036842346
891,27/08/23,Semantic Similarity,98.67169857025146,99.7932493686676,98.69877099990845
892,27/09/22,Cosine Similarity,47.99380302429199,87.09441423416138,31.46338164806366
893,27/09/22,Semantic Similarity,98.37546348571777,98.56592416763306,97.03093767166138
894,27/09/23,Cosine Similarity,70.93153595924377,33.86596441268921,49.59222376346588
895,27/09/23,Semantic Similarity,98.74642491340637,97.54948019981384,98.10934066772461
896,27/10/22,Cosine Similarity,83.65070223808289,16.981108486652374,13.566140830516815
897,27/10/22,Semantic Similarity,99.53694939613342,98.46661686897278,97.78575301170349
898,27/10/23,Cosine Similarity,69.69003081321716,86.26590371131897,66.63897633552551
899,27/10/23,Semantic Similarity,97.94973731040955,97.8781521320343,97.74293303489685
900,27/11/22,Cosine Similarity,79.5030951499939,44.749629497528076,43.01588237285614
901,27/11/22,Semantic Similarity,99.1795003414154,97.33151197433472,97.59393334388733
902,27/12/22,Cosine Similarity,95.26630640029907,57.66950845718384,51.75604820251465
903,27/12/22,Semantic Similarity,99.90178942680359,98.59669208526611,98.40786457061768
904,28/02/23,Cosine Similarity,79.12293672561646,29.39428985118866,35.60311794281006
905,28/02/23,Semantic Similarity,98.91300797462463,96.59873247146606,97.45436310768127
906,28/04/22,Cosine Similarity,42.82503426074982,71.37572169303894,73.26032519340515
907,28/04/22,Semantic Similarity,97.98190593719482,98.99663925170898,98.57146739959717
908,28/04/23,Cosine Similarity,58.64853858947754,79.54925298690796,69.82799172401428
909,28/04/23,Semantic Similarity,98.36500883102417,99.52136874198914,98.52939248085022
910,28/05/22,Cosine Similarity,39.10415172576904,75.06704926490784,36.3701194524765
911,28/05/22,Semantic Similarity,97.4023163318634,98.55548143386841,97.45014905929565
912,28/05/23,Cosine Similarity,68.83236169815063,73.4637200832367,46.37741148471832
913,28/05/23,Semantic Similarity,97.61475324630737,99.28568005561829,97.59735465049744
914,28/06/22,Cosine Similarity,70.02546191215515,53.698647022247314,65.07479548454285
915,28/06/22,Semantic Similarity,98.70370626449585,98.49281907081604,98.64110946655273
916,28/06/23,Cosine Similarity,68.07529926300049,91.20051860809326,70.3031599521637
917,28/06/23,Semantic Similarity,99.20652508735657,99.76288676261902,99.11100268363953
918,28/07/22,Cosine Similarity,57.17584490776062,30.896377563476562,40.146225690841675
919,28/07/22,Semantic Similarity,98.38864207267761,96.45135998725891,97.41671681404114
920,28/07/23,Cosine Similarity,52.256613969802856,93.60129237174988,58.95305275917053
921,28/07/23,Semantic Similarity,98.10013175010681,99.63873028755188,98.04100394248962
922,28/08/22,Cosine Similarity,46.62816524505615,33.15147161483765,28.163328766822815
923,28/08/22,Semantic Similarity,97.92948961257935,98.497474193573,98.35613369941711
924,28/09/22,Cosine Similarity,96.06283903121948,93.72642040252686,94.75882053375244
925,28/09/22,Semantic Similarity,99.90959763526917,99.65417981147766,99.68611001968384
926,28/09/23,Cosine Similarity,73.38312268257141,81.00000619888306,67.1695351600647
927,28/09/23,Semantic Similarity,99.06213283538818,99.23865795135498,99.06195402145386
928,28/10/22,Cosine Similarity,43.10274124145508,40.86407423019409,56.01357817649841
929,28/10/22,Semantic Similarity,97.67972826957703,97.56888747215271,98.75757694244385
930,28/10/23,Cosine Similarity,77.28534936904907,86.34905219078064,77.25319862365723
931,28/10/23,Semantic Similarity,99.40664768218994,99.44573640823364,99.13897514343262
932,28/11/22,Cosine Similarity,68.59418153762817,77.70331501960754,60.1324200630188
933,28/11/22,Semantic Similarity,98.24903011322021,98.37910532951355,98.27073812484741
934,28/12/22,Cosine Similarity,48.07924926280975,90.08704423904419,59.94406342506409
935,28/12/22,Semantic Similarity,97.54278659820557,99.35570955276489,97.25689888000488
936,29/01/23,Cosine Similarity,69.43210363388062,93.9801812171936,62.97631859779358
937,29/01/23,Semantic Similarity,98.77733588218689,99.78308081626892,98.589026927948
938,29/03/23,Cosine Similarity,39.44743871688843,86.06995344161987,36.74998879432678
939,29/03/23,Semantic Similarity,97.1340537071228,99.48301911354065,96.74400091171265
940,29/04/22,Cosine Similarity,85.88327169418335,73.77498149871826,76.9183874130249
941,29/04/22,Semantic Similarity,98.88863563537598,99.35646057128906,98.92747402191162
942,29/04/23,Cosine Similarity,63.41080069541931,80.72457313537598,42.60099530220032
943,29/04/23,Semantic Similarity,98.8496482372284,99.55554604530334,98.30711483955383
944,29/05/22,Cosine Similarity,77.69705057144165,90.11013507843018,72.64481782913208
945,29/05/22,Semantic Similarity,98.88912439346313,99.20890927314758,98.82039427757263
946,29/05/23,Cosine Similarity,64.01686072349548,62.93157935142517,63.49424719810486
947,29/05/23,Semantic Similarity,99.12339448928833,98.29688668251038,98.41262698173523
948,29/06/22,Cosine Similarity,46.721574664115906,69.61022615432739,52.688032388687134
949,29/06/22,Semantic Similarity,98.56691360473633,97.8980302810669,98.56675863265991
950,29/06/23,Cosine Similarity,43.580231070518494,96.56675457954407,42.25354790687561
951,29/06/23,Semantic Similarity,97.77451753616333,99.77449774742126,97.62369990348816
952,29/07/22,Cosine Similarity,82.34493732452393,73.15342426300049,73.1488585472107
953,29/07/22,Semantic Similarity,98.87925386428833,98.80600571632385,98.97778630256653
954,29/07/23,Cosine Similarity,33.62487852573395,70.06821036338806,55.47771453857422
955,29/07/23,Semantic Similarity,98.14508557319641,98.33019971847534,98.99527430534363
956,29/08/23,Cosine Similarity,46.25524282455444,47.87416756153107,33.29339325428009
957,29/08/23,Semantic Similarity,97.8939414024353,97.65428304672241,97.388356924057
958,29/09/22,Cosine Similarity,66.90532565116882,63.64307403564453,67.971932888031
959,29/09/22,Semantic Similarity,98.59564304351807,98.84099960327148,97.86935448646545
960,29/09/23,Cosine Similarity,54.68381643295288,31.31312131881714,31.13638162612915
961,29/09/23,Semantic Similarity,98.65539073944092,97.92622327804565,98.4385073184967
962,29/10/22,Cosine Similarity,47.707656025886536,77.65148282051086,37.48232424259186
963,29/10/22,Semantic Similarity,96.26662135124207,98.75679016113281,95.53291201591492
964,29/10/23,Cosine Similarity,66.74782633781433,86.75840497016907,75.48622488975525
965,29/10/23,Semantic Similarity,99.12799596786499,99.18081164360046,99.51329231262207
966,29/11/22,Cosine Similarity,97.56118059158325,43.29410791397095,40.65842926502228
967,29/11/22,Semantic Similarity,99.87967610359192,98.52032661437988,98.35443496704102
968,29/12/22,Cosine Similarity,91.34407639503479,85.51653623580933,83.62104892730713
969,29/12/22,Semantic Similarity,99.87313151359558,98.62421751022339,98.73064160346985
970,30/01/23,Cosine Similarity,88.85031342506409,85.82269549369812,82.73418545722961
971,30/01/23,Semantic Similarity,99.78286027908325,99.34704899787903,99.19785261154175
972,30/03/23,Cosine Similarity,66.75395965576172,42.87810921669006,44.094279408454895
973,30/03/23,Semantic Similarity,98.41037392616272,97.75676727294922,98.51628541946411
974,30/04/22,Cosine Similarity,77.91997790336609,89.90538716316223,70.1854944229126
975,30/04/22,Semantic Similarity,98.2312262058258,99.78441596031189,98.40858578681946
976,30/04/23,Cosine Similarity,40.08902609348297,77.87857055664062,49.34828281402588
977,30/04/23,Semantic Similarity,97.8847086429596,99.63806867599487,98.13048839569092
978,30/05/23,Cosine Similarity,88.74184489250183,82.35555291175842,76.44779682159424
979,30/05/23,Semantic Similarity,99.14856553077698,99.07901883125305,98.73337745666504
980,30/06/22,Cosine Similarity,63.7723445892334,43.12842786312103,66.3077712059021
981,30/06/22,Semantic Similarity,98.23669195175171,98.10798764228821,98.2339084148407
982,30/06/23,Cosine Similarity,68.51838827133179,71.00332379341125,68.85014772415161
983,30/06/23,Semantic Similarity,98.13266396522522,98.24579358100891,96.84532284736633
984,30/07/22,Cosine Similarity,75.63738822937012,58.3663284778595,55.48442602157593
985,30/07/22,Semantic Similarity,98.9903211593628,98.71825575828552,98.66024255752563
986,30/07/23,Cosine Similarity,57.944780588150024,77.75702476501465,61.974382400512695
987,30/07/23,Semantic Similarity,97.96640872955322,98.50353598594666,98.41616749763489
988,30/08/22,Cosine Similarity,87.63803243637085,91.36180281639099,84.05320644378662
989,30/08/22,Semantic Similarity,99.34175610542297,99.93120431900024,99.30449724197388
990,30/08/23,Cosine Similarity,59.06664729118347,72.62594103813171,43.085503578186035
991,30/08/23,Semantic Similarity,97.2207248210907,98.51359724998474,97.92217016220093
992,30/09/22,Cosine Similarity,86.36216521263123,19.95903104543686,20.49791067838669
993,30/09/22,Semantic Similarity,98.93006682395935,96.60813212394714,96.16747498512268
994,30/09/23,Cosine Similarity,45.079079270362854,53.479111194610596,55.054885149002075
995,30/09/23,Semantic Similarity,97.83397912979126,98.18052053451538,96.9084084033966
996,30/10/22,Cosine Similarity,76.83769464492798,52.27814316749573,47.18981683254242
997,30/10/22,Semantic Similarity,99.25729036331177,98.54626059532166,97.70548939704895
998,30/10/23,Cosine Similarity,76.3231873512268,75.32865405082703,84.89278554916382
999,30/10/23,Semantic Similarity,99.04407262802124,98.80390167236328,99.06777739524841
1000,30/11/22,Cosine Similarity,89.61201906204224,46.10888063907623,41.28026366233826
1001,30/11/22,Semantic Similarity,99.80810880661011,98.27743172645569,98.32513332366943
1002,30/12/22,Cosine Similarity,97.56414890289307,13.578437268733978,13.199982047080994
1003,30/12/22,Semantic Similarity,99.9272108078003,95.31047940254211,95.13078927993774
1004,31/01/23,Cosine Similarity,85.06723046302795,95.6023633480072,80.61591982841492
1005,31/01/23,Semantic Similarity,99.6154248714447,99.3960440158844,99.74483251571655
1006,31/05/22,Cosine Similarity,92.91662573814392,84.27082896232605,80.96500039100647
1007,31/05/22,Semantic Similarity,99.12607669830322,99.4479775428772,99.02652502059937
1008,31/05/23,Cosine Similarity,52.8619110584259,54.933857917785645,71.28213047981262
1009,31/05/23,Semantic Similarity,97.86913990974426,98.0333149433136,99.06631708145142
1010,31/07/22,Cosine Similarity,78.29674482345581,76.24582648277283,67.51827597618103
1011,31/07/22,Semantic Similarity,98.11595678329468,98.63041639328003,98.20975065231323
1012,31/07/23,Cosine Similarity,79.31630611419678,79.42668199539185,75.51708221435547
1013,31/07/23,Semantic Similarity,98.4454095363617,99.61637258529663,98.74802231788635
1014,31/08/22,Cosine Similarity,56.43090605735779,84.33151245117188,63.496947288513184
1015,31/08/22,Semantic Similarity,97.9006290435791,98.50112795829773,98.04011583328247
1016,31/08/23,Cosine Similarity,45.47404944896698,64.33439254760742,57.29917883872986
1017,31/08/23,Semantic Similarity,98.73698949813843,98.51139783859253,98.19489121437073
1018,31/10/22,Cosine Similarity,96.40233516693115,84.86382961273193,83.5154116153717
1019,31/10/22,Semantic Similarity,99.82895851135254,99.14196729660034,99.20513033866882
1020,31/10/23,Cosine Similarity,86.9217574596405,95.94751000404358,85.74503064155579
1021,31/10/23,Semantic Similarity,99.00001883506775,99.5538592338562,99.0412950515747
1022,31/12/22,Cosine Similarity,14.287754893302917,73.25764298439026,22.97472357749939
1023,31/12/22,Semantic Similarity,95.31863927841187,98.37492108345032,97.0920741558075
